"country","year","rate"
"Afghanistan",1995,NA
"Afghanistan",1996,NA
"Afghanistan",1997,0.001
"Afghanistan",1998,0.009
"Afghanistan",1999,0.004
"Afghanistan",2000,0.013
"Afghanistan",2001,0.022
"Afghanistan",2002,0.029
"Afghanistan",2003,0.028
"Afghanistan",2004,0.034
"Afghanistan",2005,0.04
"Afghanistan",2006,0.049
"Afghanistan",2007,0.05
"Afghanistan",2008,0.049
"Afghanistan",2009,0.045
"Afghanistan",2010,0.046
"Afghanistan",2011,0.053
"Afghanistan",2012,0.053
"Afghanistan",2013,NA
"Algeria",1995,NA
"Algeria",1996,NA
"Algeria",1997,0.029
"Algeria",1998,NA
"Algeria",1999,0.023
"Algeria",2000,0.025
"Algeria",2001,0.025
"Algeria",2002,0.025
"Algeria",2003,0.023
"Algeria",2004,0.024
"Algeria",2005,0.025
"Algeria",2006,0.021
"Algeria",2007,0.024
"Algeria",2008,0.024
"Algeria",2009,0.023
"Algeria",2010,0.022
"Algeria",2011,0.021
"Algeria",2012,0.02
"Algeria",2013,0.018
"Angola",1995,0.038
"Angola",1996,0.064
"Angola",1997,0.064
"Angola",1998,0.056
"Angola",1999,0.068
"Angola",2000,0.059
"Angola",2001,0.047
"Angola",2002,0.121
"Angola",2003,0.123
"Angola",2004,0.127
"Angola",2005,0.123
"Angola",2006,0.126
"Angola",2007,0.121
"Angola",2008,0.123
"Angola",2009,0.119
"Angola",2010,0.108
"Angola",2011,0.131
"Angola",2012,0.101
"Angola",2013,0.101
"Argentina",1995,NA
"Argentina",1996,0.016
"Argentina",1997,0.015
"Argentina",1998,0.014
"Argentina",1999,0.013
"Argentina",2000,0.012
"Argentina",2001,0.015
"Argentina",2002,0.014
"Argentina",2003,0.013
"Argentina",2004,0.012
"Argentina",2005,0.012
"Argentina",2006,0.02
"Argentina",2007,0.024
"Argentina",2008,0.023
"Argentina",2009,0.018
"Argentina",2010,0.017
"Argentina",2011,0.023
"Argentina",2012,0.02
"Argentina",2013,0.021
"Azerbaijan",1995,0.001
"Azerbaijan",1996,0.013
"Azerbaijan",1997,0.012
"Azerbaijan",1998,0.002
"Azerbaijan",1999,0.009
"Azerbaijan",2000,0.002
"Azerbaijan",2001,NA
"Azerbaijan",2002,0.02
"Azerbaijan",2003,0.014
"Azerbaijan",2004,0.017
"Azerbaijan",2005,0.018
"Azerbaijan",2006,0.051
"Azerbaijan",2007,NA
"Azerbaijan",2008,NA
"Azerbaijan",2009,0.016
"Azerbaijan",2010,0.053
"Azerbaijan",2011,0.012
"Azerbaijan",2012,0.05
"Azerbaijan",2013,0.048
"Bangladesh",1995,0.005
"Bangladesh",1996,0.006
"Bangladesh",1997,0.024
"Bangladesh",1998,0.03
"Bangladesh",1999,0.029
"Bangladesh",2000,0.029
"Bangladesh",2001,0.03
"Bangladesh",2002,0.034
"Bangladesh",2003,0.039
"Bangladesh",2004,0.044
"Bangladesh",2005,0.059
"Bangladesh",2006,0.097
"Bangladesh",2007,0.071
"Bangladesh",2008,0.127
"Bangladesh",2009,NA
"Bangladesh",2010,0.1
"Bangladesh",2011,0.097
"Bangladesh",2012,0.105
"Bangladesh",2013,0.116
"Belarus",1995,NA
"Belarus",1996,NA
"Belarus",1997,NA
"Belarus",1998,NA
"Belarus",1999,NA
"Belarus",2000,NA
"Belarus",2001,NA
"Belarus",2002,0.009
"Belarus",2003,0.01
"Belarus",2004,0.002
"Belarus",2005,NA
"Belarus",2006,0.053
"Belarus",2007,0.051
"Belarus",2008,0.048
"Belarus",2009,0.017
"Belarus",2010,0.046
"Belarus",2011,0.043
"Belarus",2012,0.041
"Belarus",2013,0.048
"Benin",1995,0.031
"Benin",1996,0.03
"Benin",1997,0.03
"Benin",1998,0.03
"Benin",1999,0.033
"Benin",2000,0.033
"Benin",2001,0.032
"Benin",2002,0.033
"Benin",2003,0.032
"Benin",2004,0.033
"Benin",2005,0.033
"Benin",2006,0.035
"Benin",2007,0.032
"Benin",2008,0.033
"Benin",2009,0.032
"Benin",2010,0.031
"Benin",2011,0.034
"Benin",2012,0.032
"Benin",2013,0.03
"Bolivia (Plurinational State of)",1995,NA
"Bolivia (Plurinational State of)",1996,0.089
"Bolivia (Plurinational State of)",1997,0.081
"Bolivia (Plurinational State of)",1998,0.081
"Bolivia (Plurinational State of)",1999,0.08
"Bolivia (Plurinational State of)",2000,0.076
"Bolivia (Plurinational State of)",2001,0.077
"Bolivia (Plurinational State of)",2002,0.077
"Bolivia (Plurinational State of)",2003,0.07
"Bolivia (Plurinational State of)",2004,0.068
"Bolivia (Plurinational State of)",2005,0.067
"Bolivia (Plurinational State of)",2006,0.061
"Bolivia (Plurinational State of)",2007,0.056
"Bolivia (Plurinational State of)",2008,0.062
"Bolivia (Plurinational State of)",2009,0.077
"Bolivia (Plurinational State of)",2010,0.078
"Bolivia (Plurinational State of)",2011,0.079
"Bolivia (Plurinational State of)",2012,0.074
"Bolivia (Plurinational State of)",2013,0.078
"Botswana",1995,NA
"Botswana",1996,NA
"Botswana",1997,0.162
"Botswana",1998,NA
"Botswana",1999,0.166
"Botswana",2000,0.176
"Botswana",2001,0.172
"Botswana",2002,0.184
"Botswana",2003,0.166
"Botswana",2004,0.169
"Botswana",2005,0.169
"Botswana",2006,0.172
"Botswana",2007,0.157
"Botswana",2008,0.405
"Botswana",2009,0.408
"Botswana",2010,0.333
"Botswana",2011,0.295
"Botswana",2012,0.289
"Botswana",2013,0.338
"Brazil",1995,NA
"Brazil",1996,NA
"Brazil",1997,NA
"Brazil",1998,NA
"Brazil",1999,0.022
"Brazil",2000,0.046
"Brazil",2001,0.021
"Brazil",2002,0.023
"Brazil",2003,0.022
"Brazil",2004,0.023
"Brazil",2005,0.023
"Brazil",2006,0.04
"Brazil",2007,0.038
"Brazil",2008,0.037
"Brazil",2009,0.037
"Brazil",2010,0.036
"Brazil",2011,0.036
"Brazil",2012,0.036
"Brazil",2013,0.038
"Burkina Faso",1995,0.007
"Burkina Faso",1996,0.009
"Burkina Faso",1997,0.008
"Burkina Faso",1998,0.012
"Burkina Faso",1999,0.011
"Burkina Faso",2000,0.011
"Burkina Faso",2001,0.013
"Burkina Faso",2002,0.012
"Burkina Faso",2003,0.013
"Burkina Faso",2004,0.015
"Burkina Faso",2005,0.017
"Burkina Faso",2006,0.019
"Burkina Faso",2007,0.026
"Burkina Faso",2008,0.019
"Burkina Faso",2009,0.02
"Burkina Faso",2010,0.02
"Burkina Faso",2011,0.022
"Burkina Faso",2012,0.022
"Burkina Faso",2013,0.021
"Burundi",1995,0.018
"Burundi",1996,0.024
"Burundi",1997,0.035
"Burundi",1998,0.045
"Burundi",1999,0.045
"Burundi",2000,NA
"Burundi",2001,0.044
"Burundi",2002,0.04
"Burundi",2003,0.042
"Burundi",2004,0.041
"Burundi",2005,0.042
"Burundi",2006,0.039
"Burundi",2007,0.043
"Burundi",2008,0.042
"Burundi",2009,0.045
"Burundi",2010,0.08
"Burundi",2011,0.068
"Burundi",2012,0.068
"Burundi",2013,0.071
"Cambodia",1995,0.116
"Cambodia",1996,0.109
"Cambodia",1997,NA
"Cambodia",1998,0.119
"Cambodia",1999,0.132
"Cambodia",2000,0.121
"Cambodia",2001,0.115
"Cambodia",2002,0.136
"Cambodia",2003,0.146
"Cambodia",2004,0.144
"Cambodia",2005,0.157
"Cambodia",2006,0.142
"Cambodia",2007,0.141
"Cambodia",2008,0.142
"Cambodia",2009,0.126
"Cambodia",2010,0.122
"Cambodia",2011,0.109
"Cambodia",2012,0.1
"Cambodia",2013,0.093
"Cameroon",1995,0.021
"Cameroon",1996,0.016
"Cameroon",1997,0.024
"Cameroon",1998,0.029
"Cameroon",1999,0.038
"Cameroon",2000,0.025
"Cameroon",2001,0.029
"Cameroon",2002,0.044
"Cameroon",2003,0.062
"Cameroon",2004,0.063
"Cameroon",2005,0.072
"Cameroon",2006,0.069
"Cameroon",2007,0.069
"Cameroon",2008,0.073
"Cameroon",2009,0.072
"Cameroon",2010,0.07
"Cameroon",2011,0.071
"Cameroon",2012,0.069
"Cameroon",2013,NA
"Central African Republic",1995,0.055
"Central African Republic",1996,0.059
"Central African Republic",1997,0.066
"Central African Republic",1998,0.075
"Central African Republic",1999,0.076
"Central African Republic",2000,NA
"Central African Republic",2001,0.037
"Central African Republic",2002,0.073
"Central African Republic",2003,NA
"Central African Republic",2004,0.075
"Central African Republic",2005,0.054
"Central African Republic",2006,0.159
"Central African Republic",2007,NA
"Central African Republic",2008,0.101
"Central African Republic",2009,0.12
"Central African Republic",2010,0.145
"Central African Republic",2011,0.12
"Central African Republic",2012,0.103
"Central African Republic",2013,0.091
"Chad",1995,NA
"Chad",1996,NA
"Chad",1997,NA
"Chad",1998,NA
"Chad",1999,0.036
"Chad",2000,NA
"Chad",2001,NA
"Chad",2002,0.039
"Chad",2003,0.039
"Chad",2004,0.023
"Chad",2005,0.025
"Chad",2006,NA
"Chad",2007,NA
"Chad",2008,NA
"Chad",2009,0.034
"Chad",2010,0.066
"Chad",2011,0.068
"Chad",2012,0.067
"Chad",2013,0.088
"Chile",1995,0.011
"Chile",1996,0.01
"Chile",1997,0.01
"Chile",1998,NA
"Chile",1999,0.01
"Chile",2000,0.008
"Chile",2001,0.009
"Chile",2002,0.009
"Chile",2003,0.008
"Chile",2004,0.008
"Chile",2005,0.007
"Chile",2006,0.014
"Chile",2007,0.014
"Chile",2008,0.014
"Chile",2009,0.013
"Chile",2010,0.013
"Chile",2011,0.013
"Chile",2012,0.013
"Chile",2013,0.014
"China",1995,0.011
"China",1996,0.013
"China",1997,0.016
"China",1998,0.017
"China",1999,0.017
"China",2000,0.017
"China",2001,0.017
"China",2002,0.015
"China",2003,0.021
"China",2004,0.029
"China",2005,0.036
"China",2006,0.035
"China",2007,0.035
"China",2008,0.034
"China",2009,0.065
"China",2010,0.064
"China",2011,0.063
"China",2012,0.062
"China",2013,0.061
"China, Hong Kong SAR",1995,NA
"China, Hong Kong SAR",1996,NA
"China, Hong Kong SAR",1997,0.032
"China, Hong Kong SAR",1998,NA
"China, Hong Kong SAR",1999,0.026
"China, Hong Kong SAR",2000,0.028
"China, Hong Kong SAR",2001,0.027
"China, Hong Kong SAR",2002,0.027
"China, Hong Kong SAR",2003,0.026
"China, Hong Kong SAR",2004,0.025
"China, Hong Kong SAR",2005,0.079
"China, Hong Kong SAR",2006,0.074
"China, Hong Kong SAR",2007,0.072
"China, Hong Kong SAR",2008,0.074
"China, Hong Kong SAR",2009,0.069
"China, Hong Kong SAR",2010,0.066
"China, Hong Kong SAR",2011,0.063
"China, Hong Kong SAR",2012,0.063
"China, Hong Kong SAR",2013,0.066
"Colombia",1995,NA
"Colombia",1996,NA
"Colombia",1997,NA
"Colombia",1998,NA
"Colombia",1999,0.021
"Colombia",2000,0.021
"Colombia",2001,0.02
"Colombia",2002,0.016
"Colombia",2003,0.019
"Colombia",2004,0.018
"Colombia",2005,0.016
"Colombia",2006,0.024
"Colombia",2007,0.024
"Colombia",2008,0.024
"Colombia",2009,0.024
"Colombia",2010,0.023
"Colombia",2011,0.024
"Colombia",2012,0.023
"Colombia",2013,0.024
"Congo",1995,0.073
"Congo",1996,NA
"Congo",1997,NA
"Congo",1998,NA
"Congo",1999,0.067
"Congo",2000,NA
"Congo",2001,0.13
"Congo",2002,NA
"Congo",2003,NA
"Congo",2004,0.119
"Congo",2005,NA
"Congo",2006,0.088
"Congo",2007,0.094
"Congo",2008,0.087
"Congo",2009,0.086
"Congo",2010,0.084
"Congo",2011,0.088
"Congo",2012,0.092
"Congo",2013,0.088
"Côte d'Ivoire",1995,0.058
"Côte d'Ivoire",1996,0.05
"Côte d'Ivoire",1997,0.06
"Côte d'Ivoire",1998,0.061
"Côte d'Ivoire",1999,0.057
"Côte d'Ivoire",2000,NA
"Côte d'Ivoire",2001,0.06
"Côte d'Ivoire",2002,0.066
"Côte d'Ivoire",2003,0.066
"Côte d'Ivoire",2004,0.071
"Côte d'Ivoire",2005,0.071
"Côte d'Ivoire",2006,0.073
"Côte d'Ivoire",2007,0.078
"Côte d'Ivoire",2008,0.084
"Côte d'Ivoire",2009,0.077
"Côte d'Ivoire",2010,0.074
"Côte d'Ivoire",2011,0.074
"Côte d'Ivoire",2012,0.074
"Côte d'Ivoire",2013,0.075
"Democratic People's Republic of Korea",1995,NA
"Democratic People's Republic of Korea",1996,NA
"Democratic People's Republic of Korea",1997,0.018
"Democratic People's Republic of Korea",1998,0.001
"Democratic People's Republic of Korea",1999,0.012
"Democratic People's Republic of Korea",2000,0.072
"Democratic People's Republic of Korea",2001,0.063
"Democratic People's Republic of Korea",2002,0.08
"Democratic People's Republic of Korea",2003,0.074
"Democratic People's Republic of Korea",2004,0.078
"Democratic People's Republic of Korea",2005,0.075
"Democratic People's Republic of Korea",2006,0.077
"Democratic People's Republic of Korea",2007,0.098
"Democratic People's Republic of Korea",2008,0.29
"Democratic People's Republic of Korea",2009,0.304
"Democratic People's Republic of Korea",2010,0.332
"Democratic People's Republic of Korea",2011,0.347
"Democratic People's Republic of Korea",2012,0.344
"Democratic People's Republic of Korea",2013,0.364
"Democratic Republic of the Congo",1995,0.033
"Democratic Republic of the Congo",1996,0.027
"Democratic Republic of the Congo",1997,0.03
"Democratic Republic of the Congo",1998,0.068
"Democratic Republic of the Congo",1999,0.076
"Democratic Republic of the Congo",2000,0.076
"Democratic Republic of the Congo",2001,0.084
"Democratic Republic of the Congo",2002,0.088
"Democratic Republic of the Congo",2003,0.105
"Democratic Republic of the Congo",2004,0.118
"Democratic Republic of the Congo",2005,0.12
"Democratic Republic of the Congo",2006,0.114
"Democratic Republic of the Congo",2007,0.116
"Democratic Republic of the Congo",2008,0.118
"Democratic Republic of the Congo",2009,0.117
"Democratic Republic of the Congo",2010,0.118
"Democratic Republic of the Congo",2011,0.112
"Democratic Republic of the Congo",2012,0.108
"Democratic Republic of the Congo",2013,0.105
"Djibouti",1995,NA
"Djibouti",1996,0.266
"Djibouti",1997,0.277
"Djibouti",1998,0.242
"Djibouti",1999,0.221
"Djibouti",2000,0.193
"Djibouti",2001,0.179
"Djibouti",2002,0.168
"Djibouti",2003,0.158
"Djibouti",2004,0.142
"Djibouti",2005,0.144
"Djibouti",2006,0.146
"Djibouti",2007,0.354
"Djibouti",2008,0.17
"Djibouti",2009,0.168
"Djibouti",2010,0.142
"Djibouti",2011,0.158
"Djibouti",2012,0.136
"Djibouti",2013,0.132
"Dominican Republic",1995,NA
"Dominican Republic",1996,0.016
"Dominican Republic",1997,0.032
"Dominican Republic",1998,0.026
"Dominican Republic",1999,0.041
"Dominican Republic",2000,0.034
"Dominican Republic",2001,NA
"Dominican Republic",2002,0.024
"Dominican Republic",2003,0.031
"Dominican Republic",2004,0.03
"Dominican Republic",2005,0.032
"Dominican Republic",2006,0.028
"Dominican Republic",2007,0.025
"Dominican Republic",2008,0.025
"Dominican Republic",2009,0.025
"Dominican Republic",2010,0.022
"Dominican Republic",2011,0.024
"Dominican Republic",2012,0.024
"Dominican Republic",2013,0.026
"Ecuador",1995,NA
"Ecuador",1996,NA
"Ecuador",1997,NA
"Ecuador",1998,NA
"Ecuador",1999,NA
"Ecuador",2000,NA
"Ecuador",2001,0.035
"Ecuador",2002,NA
"Ecuador",2003,0.013
"Ecuador",2004,0.032
"Ecuador",2005,0.022
"Ecuador",2006,0.023
"Ecuador",2007,0.024
"Ecuador",2008,0.023
"Ecuador",2009,0.023
"Ecuador",2010,0.022
"Ecuador",2011,0.031
"Ecuador",2012,0.032
"Ecuador",2013,0.034
"Egypt",1995,0.007
"Egypt",1996,0.007
"Egypt",1997,0.008
"Egypt",1998,0.008
"Egypt",1999,0.007
"Egypt",2000,0.007
"Egypt",2001,0.007
"Egypt",2002,0.007
"Egypt",2003,0.007
"Egypt",2004,0.007
"Egypt",2005,0.005
"Egypt",2006,0.013
"Egypt",2007,0.013
"Egypt",2008,0.012
"Egypt",2009,0.012
"Egypt",2010,0.011
"Egypt",2011,0.011
"Egypt",2012,0.01
"Egypt",2013,0.009
"Ethiopia",1995,0.011
"Ethiopia",1996,0.016
"Ethiopia",1997,0.026
"Ethiopia",1998,0.029
"Ethiopia",1999,0.034
"Ethiopia",2000,0.046
"Ethiopia",2001,0.049
"Ethiopia",2002,0.052
"Ethiopia",2003,0.055
"Ethiopia",2004,0.056
"Ethiopia",2005,0.051
"Ethiopia",2006,0.047
"Ethiopia",2007,0.047
"Ethiopia",2008,0.049
"Ethiopia",2009,0.052
"Ethiopia",2010,0.054
"Ethiopia",2011,0.056
"Ethiopia",2012,NA
"Ethiopia",2013,NA
"France",1995,0.006
"France",1996,0.005
"France",1997,0.004
"France",1998,NA
"France",1999,0.004
"France",2000,0.003
"France",2001,0.003
"France",2002,0.003
"France",2003,0.003
"France",2004,0.003
"France",2005,0.003
"France",2006,0.008
"France",2007,0.01
"France",2008,0.005
"France",2009,0.005
"France",2010,0.004
"France",2011,0.004
"France",2012,0.004
"France",2013,0.007
"Georgia",1995,0.004
"Georgia",1996,0.01
"Georgia",1997,0.012
"Georgia",1998,0.011
"Georgia",1999,0.016
"Georgia",2000,0.012
"Georgia",2001,0.022
"Georgia",2002,0.021
"Georgia",2003,0.022
"Georgia",2004,0.029
"Georgia",2005,0.033
"Georgia",2006,0.097
"Georgia",2007,0.091
"Georgia",2008,0.094
"Georgia",2009,0.101
"Georgia",2010,0.1
"Georgia",2011,0.097
"Georgia",2012,0.087
"Georgia",2013,0.079
"Germany",1995,0.005
"Germany",1996,0.004
"Germany",1997,0.004
"Germany",1998,0.004
"Germany",1999,0.003
"Germany",2000,NA
"Germany",2001,0.001
"Germany",2002,0.001
"Germany",2003,0.001
"Germany",2004,0.002
"Germany",2005,0.001
"Germany",2006,0.006
"Germany",2007,0.007
"Germany",2008,0.004
"Germany",2009,0.004
"Germany",2010,0.004
"Germany",2011,0.004
"Germany",2012,0.004
"Germany",2013,0.005
"Ghana",1995,0.016
"Ghana",1996,0.014
"Ghana",1997,0.032
"Ghana",1998,0.039
"Ghana",1999,0.037
"Ghana",2000,0.039
"Ghana",2001,0.04
"Ghana",2002,0.039
"Ghana",2003,0.038
"Ghana",2004,0.035
"Ghana",2005,0.035
"Ghana",2006,0.035
"Ghana",2007,0.033
"Ghana",2008,NA
"Ghana",2009,0.035
"Ghana",2010,0.052
"Ghana",2011,0.06
"Ghana",2012,0.057
"Ghana",2013,0.058
"Guatemala",1995,0.024
"Guatemala",1996,0.023
"Guatemala",1997,0.021
"Guatemala",1998,0.021
"Guatemala",1999,0.021
"Guatemala",2000,0.018
"Guatemala",2001,0.015
"Guatemala",2002,0.016
"Guatemala",2003,0.015
"Guatemala",2004,0.019
"Guatemala",2005,0.019
"Guatemala",2006,NA
"Guatemala",2007,0.023
"Guatemala",2008,0.02
"Guatemala",2009,0.022
"Guatemala",2010,0.015
"Guatemala",2011,0.013
"Guatemala",2012,NA
"Guatemala",2013,0.014
"Guinea",1995,0.029
"Guinea",1996,0.035
"Guinea",1997,0.036
"Guinea",1998,0.04
"Guinea",1999,0.041
"Guinea",2000,0.045
"Guinea",2001,0.046
"Guinea",2002,0.045
"Guinea",2003,0.049
"Guinea",2004,0.053
"Guinea",2005,0.057
"Guinea",2006,0.06
"Guinea",2007,0.062
"Guinea",2008,0.064
"Guinea",2009,0.051
"Guinea",2010,0.065
"Guinea",2011,0.096
"Guinea",2012,0.044
"Guinea",2013,0.096
"Haiti",1995,NA
"Haiti",1996,0.042
"Haiti",1997,0.067
"Haiti",1998,0.078
"Haiti",1999,0.081
"Haiti",2000,0.069
"Haiti",2001,0.064
"Haiti",2002,0.07
"Haiti",2003,0.078
"Haiti",2004,0.077
"Haiti",2005,0.079
"Haiti",2006,0.146
"Haiti",2007,0.145
"Haiti",2008,0.148
"Haiti",2009,NA
"Haiti",2010,0.14
"Haiti",2011,0.148
"Haiti",2012,0.156
"Haiti",2013,0.165
"Honduras",1995,0.044
"Honduras",1996,0.034
"Honduras",1997,0.027
"Honduras",1998,0.039
"Honduras",1999,0.039
"Honduras",2000,0.038
"Honduras",2001,0.045
"Honduras",2002,0.046
"Honduras",2003,0.03
"Honduras",2004,0.03
"Honduras",2005,0.03
"Honduras",2006,0.043
"Honduras",2007,0.039
"Honduras",2008,0.037
"Honduras",2009,0.037
"Honduras",2010,0.036
"Honduras",2011,0.04
"Honduras",2012,0.035
"Honduras",2013,0.037
"India",1995,0
"India",1996,0.001
"India",1997,0.001
"India",1998,0.001
"India",1999,0.005
"India",2000,0.019
"India",2001,0.017
"India",2002,0.033
"India",2003,0.037
"India",2004,0.043
"India",2005,0.045
"India",2006,0.048
"India",2007,0.103
"India",2008,0.052
"India",2009,0.052
"India",2010,0.052
"India",2011,0.053
"India",2012,0.051
"India",2013,NA
"Indonesia",1995,0.001
"Indonesia",1996,0.006
"Indonesia",1997,0.009
"Indonesia",1998,0.016
"Indonesia",1999,0.024
"Indonesia",2000,NA
"Indonesia",2001,0.025
"Indonesia",2002,0.035
"Indonesia",2003,0.042
"Indonesia",2004,0.058
"Indonesia",2005,0.071
"Indonesia",2006,0.077
"Indonesia",2007,0.117
"Indonesia",2008,0.125
"Indonesia",2009,0.122
"Indonesia",2010,0.123
"Indonesia",2011,0.129
"Indonesia",2012,0.131
"Indonesia",2013,0.13
"Iran (Islamic Republic of)",1995,0.015
"Iran (Islamic Republic of)",1996,0.009
"Iran (Islamic Republic of)",1997,0.008
"Iran (Islamic Republic of)",1998,0.008
"Iran (Islamic Republic of)",1999,0.008
"Iran (Islamic Republic of)",2000,0.008
"Iran (Islamic Republic of)",2001,0.008
"Iran (Islamic Republic of)",2002,0.008
"Iran (Islamic Republic of)",2003,0.008
"Iran (Islamic Republic of)",2004,0.007
"Iran (Islamic Republic of)",2005,0.007
"Iran (Islamic Republic of)",2006,0.013
"Iran (Islamic Republic of)",2007,0.013
"Iran (Islamic Republic of)",2008,0.013
"Iran (Islamic Republic of)",2009,0.013
"Iran (Islamic Republic of)",2010,0.013
"Iran (Islamic Republic of)",2011,0.014
"Iran (Islamic Republic of)",2012,0.014
"Iran (Islamic Republic of)",2013,0.014
"Iraq",1995,0.057
"Iraq",1996,NA
"Iraq",1997,0.037
"Iraq",1998,0.04
"Iraq",1999,0.047
"Iraq",2000,0.012
"Iraq",2001,0.015
"Iraq",2002,0.015
"Iraq",2003,0.014
"Iraq",2004,0.013
"Iraq",2005,0.011
"Iraq",2006,0.027
"Iraq",2007,0.025
"Iraq",2008,0.029
"Iraq",2009,0.03
"Iraq",2010,0.03
"Iraq",2011,0.027
"Iraq",2012,0.025
"Iraq",2013,0.025
"Italy",1995,0.002
"Italy",1996,0.003
"Italy",1997,0.003
"Italy",1998,0.004
"Italy",1999,0.002
"Italy",2000,0.001
"Italy",2001,0.001
"Italy",2002,0.002
"Italy",2003,0.002
"Italy",2004,0.001
"Italy",2005,0.002
"Italy",2006,0.007
"Italy",2007,0.005
"Italy",2008,0.006
"Italy",2009,0.004
"Italy",2010,0.004
"Italy",2011,0.003
"Italy",2012,0.003
"Italy",2013,0.004
"Japan",1995,0.012
"Japan",1996,0.01
"Japan",1997,0.011
"Japan",1998,0.01
"Japan",1999,0.01
"Japan",2000,0.009
"Japan",2001,0.009
"Japan",2002,0.009
"Japan",2003,0.009
"Japan",2004,0.008
"Japan",2005,0.009
"Japan",2006,0.019
"Japan",2007,0.019
"Japan",2008,0.018
"Japan",2009,0.018
"Japan",2010,0.017
"Japan",2011,0.016
"Japan",2012,0.016
"Japan",2013,0.016
"Kazakhstan",1995,NA
"Kazakhstan",1996,NA
"Kazakhstan",1997,0.029
"Kazakhstan",1998,0.042
"Kazakhstan",1999,0.047
"Kazakhstan",2000,0.061
"Kazakhstan",2001,0.062
"Kazakhstan",2002,0.065
"Kazakhstan",2003,NA
"Kazakhstan",2004,0.053
"Kazakhstan",2005,0.046
"Kazakhstan",2006,0.171
"Kazakhstan",2007,0.137
"Kazakhstan",2008,0.126
"Kazakhstan",2009,0.107
"Kazakhstan",2010,0.097
"Kazakhstan",2011,0.089
"Kazakhstan",2012,0.082
"Kazakhstan",2013,0.115
"Kenya",1995,0.051
"Kenya",1996,0.06
"Kenya",1997,0.065
"Kenya",1998,0.081
"Kenya",1999,0.089
"Kenya",2000,0.092
"Kenya",2001,0.097
"Kenya",2002,0.104
"Kenya",2003,0.113
"Kenya",2004,0.118
"Kenya",2005,0.113
"Kenya",2006,0.107
"Kenya",2007,0.102
"Kenya",2008,0.203
"Kenya",2009,0.22
"Kenya",2010,0.209
"Kenya",2011,0.201
"Kenya",2012,0.189
"Kenya",2013,0.168
"Kyrgyzstan",1995,0.018
"Kyrgyzstan",1996,0.022
"Kyrgyzstan",1997,0.034
"Kyrgyzstan",1998,0.017
"Kyrgyzstan",1999,0.034
"Kyrgyzstan",2000,0.025
"Kyrgyzstan",2001,0.03
"Kyrgyzstan",2002,0.031
"Kyrgyzstan",2003,0.033
"Kyrgyzstan",2004,0.035
"Kyrgyzstan",2005,0.039
"Kyrgyzstan",2006,0.036
"Kyrgyzstan",2007,0.034
"Kyrgyzstan",2008,0.103
"Kyrgyzstan",2009,0.103
"Kyrgyzstan",2010,0.1
"Kyrgyzstan",2011,0.028
"Kyrgyzstan",2012,0.107
"Kyrgyzstan",2013,0.106
"Lao People's Democratic Republic",1995,0.015
"Lao People's Democratic Republic",1996,0.018
"Lao People's Democratic Republic",1997,0.024
"Lao People's Democratic Republic",1998,0.029
"Lao People's Democratic Republic",1999,0.032
"Lao People's Democratic Republic",2000,0.028
"Lao People's Democratic Republic",2001,0.029
"Lao People's Democratic Republic",2002,0.033
"Lao People's Democratic Republic",2003,0.033
"Lao People's Democratic Republic",2004,0.039
"Lao People's Democratic Republic",2005,0.048
"Lao People's Democratic Republic",2006,0.052
"Lao People's Democratic Republic",2007,0.051
"Lao People's Democratic Republic",2008,0.05
"Lao People's Democratic Republic",2009,0.048
"Lao People's Democratic Republic",2010,0.06
"Lao People's Democratic Republic",2011,0.063
"Lao People's Democratic Republic",2012,0.058
"Lao People's Democratic Republic",2013,0.058
"Lesotho",1995,0.078
"Lesotho",1996,0.1
"Lesotho",1997,0.133
"Lesotho",1998,0.136
"Lesotho",1999,NA
"Lesotho",2000,0.147
"Lesotho",2001,NA
"Lesotho",2002,0.165
"Lesotho",2003,0.198
"Lesotho",2004,0.223
"Lesotho",2005,0.222
"Lesotho",2006,0.207
"Lesotho",2007,0.04
"Lesotho",2008,0.196
"Lesotho",2009,0.58
"Lesotho",2010,0.555
"Lesotho",2011,0.539
"Lesotho",2012,0.503
"Lesotho",2013,0.43
"Liberia",1995,NA
"Liberia",1996,0.03
"Liberia",1997,NA
"Liberia",1998,0.047
"Liberia",1999,NA
"Liberia",2000,0.035
"Liberia",2001,0.031
"Liberia",2002,0.064
"Liberia",2003,0.042
"Liberia",2004,0.078
"Liberia",2005,0.066
"Liberia",2006,0.127
"Liberia",2007,NA
"Liberia",2008,0.083
"Liberia",2009,0.113
"Liberia",2010,0.164
"Liberia",2011,0.189
"Liberia",2012,0.192
"Liberia",2013,0.089
"Madagascar",1995,0.06
"Madagascar",1996,0.06
"Madagascar",1997,NA
"Madagascar",1998,0.062
"Madagascar",1999,NA
"Madagascar",2000,NA
"Madagascar",2001,0.068
"Madagascar",2002,0.065
"Madagascar",2003,0.076
"Madagascar",2004,0.056
"Madagascar",2005,0.064
"Madagascar",2006,0.083
"Madagascar",2007,0.107
"Madagascar",2008,0.084
"Madagascar",2009,0.104
"Madagascar",2010,0.106
"Madagascar",2011,0.082
"Madagascar",2012,0.077
"Madagascar",2013,NA
"Malawi",1995,0.063
"Malawi",1996,0.071
"Malawi",1997,0.073
"Malawi",1998,0.083
"Malawi",1999,0.074
"Malawi",2000,0.073
"Malawi",2001,0.071
"Malawi",2002,NA
"Malawi",2003,0.063
"Malawi",2004,0.068
"Malawi",2005,0.065
"Malawi",2006,0.061
"Malawi",2007,0.055
"Malawi",2008,0.054
"Malawi",2009,0.052
"Malawi",2010,0.048
"Malawi",2011,0.045
"Malawi",2012,0.044
"Malawi",2013,0.103
"Malaysia",1995,0.032
"Malaysia",1996,0.034
"Malaysia",1997,0.034
"Malaysia",1998,0.035
"Malaysia",1999,0.036
"Malaysia",2000,0.035
"Malaysia",2001,0.035
"Malaysia",2002,0.033
"Malaysia",2003,0.061
"Malaysia",2004,0.061
"Malaysia",2005,0.062
"Malaysia",2006,0.029
"Malaysia",2007,0.058
"Malaysia",2008,0.064
"Malaysia",2009,NA
"Malaysia",2010,0.064
"Malaysia",2011,0.067
"Malaysia",2012,0.073
"Malaysia",2013,0.079
"Mali",1995,0.021
"Mali",1996,0.024
"Mali",1997,0.031
"Mali",1998,0.026
"Mali",1999,0.027
"Mali",2000,0.025
"Mali",2001,NA
"Mali",2002,0.025
"Mali",2003,0.027
"Mali",2004,0.027
"Mali",2005,0.03
"Mali",2006,0.039
"Mali",2007,0.039
"Mali",2008,0.037
"Mali",2009,0.038
"Mali",2010,0.026
"Mali",2011,0.026
"Mali",2012,0.025
"Mali",2013,0.025
"Mexico",1995,NA
"Mexico",1996,0.009
"Mexico",1997,NA
"Mexico",1998,0.011
"Mexico",1999,0.011
"Mexico",2000,0.011
"Mexico",2001,0.014
"Mexico",2002,0.011
"Mexico",2003,0.012
"Mexico",2004,0.01
"Mexico",2005,0.011
"Mexico",2006,0.015
"Mexico",2007,0.016
"Mexico",2008,0.014
"Mexico",2009,0.014
"Mexico",2010,0.016
"Mexico",2011,0.016
"Mexico",2012,0.016
"Mexico",2013,0.017
"Mongolia",1995,0.027
"Mongolia",1996,0.033
"Mongolia",1997,0.05
"Mongolia",1998,0.058
"Mongolia",1999,0.064
"Mongolia",2000,0.058
"Mongolia",2001,0.067
"Mongolia",2002,0.068
"Mongolia",2003,0.062
"Mongolia",2004,0.072
"Mongolia",2005,0.074
"Mongolia",2006,0.083
"Mongolia",2007,0.072
"Mongolia",2008,0.07
"Mongolia",2009,0.068
"Mongolia",2010,0.155
"Mongolia",2011,0.145
"Mongolia",2012,0.141
"Mongolia",2013,0.153
"Morocco",1995,0.053
"Morocco",1996,0.052
"Morocco",1997,0.051
"Morocco",1998,0.048
"Morocco",1999,0.047
"Morocco",2000,0.045
"Morocco",2001,0.044
"Morocco",2002,0.044
"Morocco",2003,0.043
"Morocco",2004,0.041
"Morocco",2005,0.042
"Morocco",2006,0.086
"Morocco",2007,0.083
"Morocco",2008,0.082
"Morocco",2009,0.083
"Morocco",2010,0.086
"Morocco",2011,0.086
"Morocco",2012,0.084
"Morocco",2013,0.084
"Mozambique",1995,0.066
"Mozambique",1996,0.064
"Mozambique",1997,0.066
"Mozambique",1998,NA
"Mozambique",1999,NA
"Mozambique",2000,NA
"Mozambique",2001,NA
"Mozambique",2002,NA
"Mozambique",2003,NA
"Mozambique",2004,NA
"Mozambique",2005,NA
"Mozambique",2006,NA
"Mozambique",2007,NA
"Mozambique",2008,NA
"Mozambique",2009,NA
"Mozambique",2010,NA
"Mozambique",2011,NA
"Mozambique",2012,NA
"Mozambique",2013,NA
"Myanmar",1995,0.019
"Myanmar",1996,0.021
"Myanmar",1997,0.019
"Myanmar",1998,0.021
"Myanmar",1999,0.024
"Myanmar",2000,0.036
"Myanmar",2001,0.042
"Myanmar",2002,0.049
"Myanmar",2003,0.055
"Myanmar",2004,0.063
"Myanmar",2005,0.073
"Myanmar",2006,0.08
"Myanmar",2007,0.084
"Myanmar",2008,0.081
"Myanmar",2009,0.08
"Myanmar",2010,0.081
"Myanmar",2011,0.081
"Myanmar",2012,0.081
"Myanmar",2013,NA
"Namibia",1995,0.042
"Namibia",1996,0.166
"Namibia",1997,0.183
"Namibia",1998,0.199
"Namibia",1999,0.202
"Namibia",2000,0.211
"Namibia",2001,0.235
"Namibia",2002,0.239
"Namibia",2003,0.277
"Namibia",2004,0.257
"Namibia",2005,0.258
"Namibia",2006,0.261
"Namibia",2007,0.245
"Namibia",2008,0.233
"Namibia",2009,0.215
"Namibia",2010,0.205
"Namibia",2011,0.203
"Namibia",2012,0.438
"Namibia",2013,0.409
"Nepal",1995,NA
"Nepal",1996,0.043
"Nepal",1997,NA
"Nepal",1998,0.049
"Nepal",1999,0.059
"Nepal",2000,0.059
"Nepal",2001,0.058
"Nepal",2002,0.057
"Nepal",2003,0.059
"Nepal",2004,0.059
"Nepal",2005,0.058
"Nepal",2006,0.055
"Nepal",2007,0.055
"Nepal",2008,0.042
"Nepal",2009,0.058
"Nepal",2010,0.058
"Nepal",2011,0.055
"Nepal",2012,0.055
"Nepal",2013,0.054
"Nicaragua",1995,0.034
"Nicaragua",1996,0.036
"Nicaragua",1997,0.034
"Nicaragua",1998,0.033
"Nicaragua",1999,0.031
"Nicaragua",2000,0.029
"Nicaragua",2001,0.029
"Nicaragua",2002,0.025
"Nicaragua",2003,0.026
"Nicaragua",2004,0.025
"Nicaragua",2005,0.023
"Nicaragua",2006,0.023
"Nicaragua",2007,0.03
"Nicaragua",2008,0.028
"Nicaragua",2009,0.044
"Nicaragua",2010,0.025
"Nicaragua",2011,0.026
"Nicaragua",2012,0
"Nicaragua",2013,0.025
"Niger",1995,NA
"Niger",1996,NA
"Niger",1997,0.013
"Niger",1998,0.021
"Niger",1999,NA
"Niger",2000,0.02
"Niger",2001,NA
"Niger",2002,NA
"Niger",2003,0.037
"Niger",2004,NA
"Niger",2005,0.038
"Niger",2006,0.039
"Niger",2007,0.041
"Niger",2008,0.04
"Niger",2009,0.041
"Niger",2010,0.04
"Niger",2011,0.04
"Niger",2012,0.04
"Niger",2013,0.04
"Nigeria",1995,0.009
"Nigeria",1996,0.014
"Nigeria",1997,0.01
"Nigeria",1998,0.011
"Nigeria",1999,NA
"Nigeria",2000,0.014
"Nigeria",2001,0.014
"Nigeria",2002,0.015
"Nigeria",2003,0.021
"Nigeria",2004,0.025
"Nigeria",2005,0.025
"Nigeria",2006,0.028
"Nigeria",2007,0.03
"Nigeria",2008,0.03
"Nigeria",2009,0.029
"Nigeria",2010,0.028
"Nigeria",2011,0.029
"Nigeria",2012,0.031
"Nigeria",2013,0.058
"Pakistan",1995,0.002
"Pakistan",1996,NA
"Pakistan",1997,NA
"Pakistan",1998,0.003
"Pakistan",1999,0.002
"Pakistan",2000,0.002
"Pakistan",2001,0.005
"Pakistan",2002,0.01
"Pakistan",2003,0.014
"Pakistan",2004,0.02
"Pakistan",2005,0.031
"Pakistan",2006,0.041
"Pakistan",2007,0.054
"Pakistan",2008,0.06
"Pakistan",2009,0.06
"Pakistan",2010,0.072
"Pakistan",2011,0.072
"Pakistan",2012,0.074
"Pakistan",2013,NA
"Paraguay",1995,0.015
"Paraguay",1996,0.018
"Paraguay",1997,0.017
"Paraguay",1998,0.017
"Paraguay",1999,0.02
"Paraguay",2000,0.017
"Paraguay",2001,0.017
"Paraguay",2002,0.018
"Paraguay",2003,0.021
"Paraguay",2004,0.021
"Paraguay",2005,0.021
"Paraguay",2006,0.039
"Paraguay",2007,0.035
"Paraguay",2008,0.034
"Paraguay",2009,0.034
"Paraguay",2010,0.032
"Paraguay",2011,0.032
"Paraguay",2012,0.031
"Paraguay",2013,0.033
"Peru",1995,0.026
"Peru",1996,0.023
"Peru",1997,0.111
"Peru",1998,0.11
"Peru",1999,0.096
"Peru",2000,0.087
"Peru",2001,0.082
"Peru",2002,0.016
"Peru",2003,0.015
"Peru",2004,0.067
"Peru",2005,0.067
"Peru",2006,0.069
"Peru",2007,0.063
"Peru",2008,0.061
"Peru",2009,NA
"Peru",2010,NA
"Peru",2011,NA
"Peru",2012,NA
"Peru",2013,0.091
"Philippines",1995,0.001
"Philippines",1996,0
"Philippines",1997,0.003
"Philippines",1998,0.003
"Philippines",1999,NA
"Philippines",2000,NA
"Philippines",2001,NA
"Philippines",2002,NA
"Philippines",2003,0.085
"Philippines",2004,0.091
"Philippines",2005,0.095
"Philippines",2006,0.098
"Philippines",2007,0.097
"Philippines",2008,0.094
"Philippines",2009,0.097
"Philippines",2010,0.095
"Philippines",2011,0.098
"Philippines",2012,0.097
"Philippines",2013,0.099
"Poland",1995,0.01
"Poland",1996,0.018
"Poland",1997,0.009
"Poland",1998,0.009
"Poland",1999,0.008
"Poland",2000,0.01
"Poland",2001,0.008
"Poland",2002,0.008
"Poland",2003,0.008
"Poland",2004,0.007
"Poland",2005,0.007
"Poland",2006,0.02
"Poland",2007,0.02
"Poland",2008,0.018
"Poland",2009,0.019
"Poland",2010,0.017
"Poland",2011,0.02
"Poland",2012,0.017
"Poland",2013,0.018
"Portugal",1995,0.02
"Portugal",1996,0.019
"Portugal",1997,0.016
"Portugal",1998,0.02
"Portugal",1999,0.018
"Portugal",2000,0.018
"Portugal",2001,0.018
"Portugal",2002,0.019
"Portugal",2003,0.016
"Portugal",2004,0.014
"Portugal",2005,0.012
"Portugal",2006,0.029
"Portugal",2007,0.027
"Portugal",2008,0.025
"Portugal",2009,0.025
"Portugal",2010,0.024
"Portugal",2011,0.023
"Portugal",2012,0.023
"Portugal",2013,0.022
"Republic of Korea",1995,0.026
"Republic of Korea",1996,0.025
"Republic of Korea",1997,0.022
"Republic of Korea",1998,0.023
"Republic of Korea",1999,0.021
"Republic of Korea",2000,0.018
"Republic of Korea",2001,0.026
"Republic of Korea",2002,0.024
"Republic of Korea",2003,0.024
"Republic of Korea",2004,0.025
"Republic of Korea",2005,0.025
"Republic of Korea",2006,0.075
"Republic of Korea",2007,0.073
"Republic of Korea",2008,0.071
"Republic of Korea",2009,0.074
"Republic of Korea",2010,0.081
"Republic of Korea",2011,0.081
"Republic of Korea",2012,0.081
"Republic of Korea",2013,0.084
"Republic of Moldova",1995,0.015
"Republic of Moldova",1996,0.005
"Republic of Moldova",1997,0.009
"Republic of Moldova",1998,0.011
"Republic of Moldova",1999,0.015
"Republic of Moldova",2000,0.007
"Republic of Moldova",2001,0.026
"Republic of Moldova",2002,0.029
"Republic of Moldova",2003,0.031
"Republic of Moldova",2004,0.04
"Republic of Moldova",2005,0.045
"Republic of Moldova",2006,0.045
"Republic of Moldova",2007,0.113
"Republic of Moldova",2008,0.109
"Republic of Moldova",2009,0.106
"Republic of Moldova",2010,0.105
"Republic of Moldova",2011,0.108
"Republic of Moldova",2012,0.108
"Republic of Moldova",2013,0.129
"Romania",1995,0.079
"Romania",1996,0.05
"Romania",1997,0.051
"Romania",1998,0.048
"Romania",1999,0.046
"Romania",2000,0.046
"Romania",2001,0.05
"Romania",2002,0.048
"Romania",2003,0.047
"Romania",2004,0.049
"Romania",2005,0.049
"Romania",2006,0.094
"Romania",2007,0.087
"Romania",2008,0.085
"Romania",2009,0.081
"Romania",2010,0.073
"Romania",2011,0.067
"Romania",2012,0.064
"Romania",2013,0.072
"Russian Federation",1995,NA
"Russian Federation",1996,0
"Russian Federation",1997,0
"Russian Federation",1998,0
"Russian Federation",1999,0.015
"Russian Federation",2000,0.002
"Russian Federation",2001,0.018
"Russian Federation",2002,0.019
"Russian Federation",2003,0.02
"Russian Federation",2004,0.021
"Russian Federation",2005,NA
"Russian Federation",2006,0.022
"Russian Federation",2007,0.084
"Russian Federation",2008,0.084
"Russian Federation",2009,0.082
"Russian Federation",2010,0.072
"Russian Federation",2011,0.073
"Russian Federation",2012,0.068
"Russian Federation",2013,0.063
"Rwanda",1995,NA
"Rwanda",1996,0.034
"Rwanda",1997,0.044
"Rwanda",1998,NA
"Rwanda",1999,0.03
"Rwanda",2000,0.053
"Rwanda",2001,NA
"Rwanda",2002,0.01
"Rwanda",2003,0.03
"Rwanda",2004,0.044
"Rwanda",2005,0.042
"Rwanda",2006,0.044
"Rwanda",2007,0.041
"Rwanda",2008,0.041
"Rwanda",2009,0.04
"Rwanda",2010,0.035
"Rwanda",2011,0.034
"Rwanda",2012,0.031
"Rwanda",2013,0.048
"Saudi Arabia",1995,NA
"Saudi Arabia",1996,NA
"Saudi Arabia",1997,NA
"Saudi Arabia",1998,0.004
"Saudi Arabia",1999,0.009
"Saudi Arabia",2000,0.008
"Saudi Arabia",2001,0.007
"Saudi Arabia",2002,0.008
"Saudi Arabia",2003,0.007
"Saudi Arabia",2004,0.007
"Saudi Arabia",2005,0.007
"Saudi Arabia",2006,0.014
"Saudi Arabia",2007,0.015
"Saudi Arabia",2008,0.015
"Saudi Arabia",2009,0.015
"Saudi Arabia",2010,0.016
"Saudi Arabia",2011,0.014
"Saudi Arabia",2012,0.013
"Saudi Arabia",2013,0.012
"Senegal",1995,0.062
"Senegal",1996,0.067
"Senegal",1997,0.059
"Senegal",1998,0.058
"Senegal",1999,0.052
"Senegal",2000,0.059
"Senegal",2001,0.06
"Senegal",2002,0.056
"Senegal",2003,0.062
"Senegal",2004,0.059
"Senegal",2005,0.06
"Senegal",2006,0.059
"Senegal",2007,0.06
"Senegal",2008,0.062
"Senegal",2009,0.063
"Senegal",2010,0.059
"Senegal",2011,0.057
"Senegal",2012,0.062
"Senegal",2013,NA
"Sierra Leone",1995,0.037
"Sierra Leone",1996,0.057
"Sierra Leone",1997,0.058
"Sierra Leone",1998,0.057
"Sierra Leone",1999,NA
"Sierra Leone",2000,0.06
"Sierra Leone",2001,0.063
"Sierra Leone",2002,0.065
"Sierra Leone",2003,0.066
"Sierra Leone",2004,0.076
"Sierra Leone",2005,0.085
"Sierra Leone",2006,0.088
"Sierra Leone",2007,0.171
"Sierra Leone",2008,NA
"Sierra Leone",2009,0.108
"Sierra Leone",2010,0.12
"Sierra Leone",2011,0.127
"Sierra Leone",2012,0.162
"Sierra Leone",2013,0.121
"Somalia",1995,0.037
"Somalia",1996,0.036
"Somalia",1997,0.046
"Somalia",1998,0.045
"Somalia",1999,0.049
"Somalia",2000,0.051
"Somalia",2001,0.061
"Somalia",2002,0.06
"Somalia",2003,0.065
"Somalia",2004,0.079
"Somalia",2005,0.083
"Somalia",2006,0.131
"Somalia",2007,0.069
"Somalia",2008,0.071
"Somalia",2009,0.064
"Somalia",2010,0.054
"Somalia",2011,0.08
"Somalia",2012,0.081
"Somalia",2013,0.062
"South Africa",1995,NA
"South Africa",1996,NA
"South Africa",1997,NA
"South Africa",1998,NA
"South Africa",1999,0.022
"South Africa",2000,0.026
"South Africa",2001,0.045
"South Africa",2002,0.168
"South Africa",2003,0.241
"South Africa",2004,0.266
"South Africa",2005,0.26
"South Africa",2006,0.556
"South Africa",2007,0.579
"South Africa",2008,0.637
"South Africa",2009,0.754
"South Africa",2010,0.709
"South Africa",2011,0.557
"South Africa",2012,0.567
"South Africa",2013,0.592
"Spain",1995,0.004
"Spain",1996,NA
"Spain",1997,NA
"Spain",1998,0.005
"Spain",1999,NA
"Spain",2000,NA
"Spain",2001,0.005
"Spain",2002,0.006
"Spain",2003,0.005
"Spain",2004,0.005
"Spain",2005,0.005
"Spain",2006,0.017
"Spain",2007,0.016
"Spain",2008,0.015
"Spain",2009,0
"Spain",2010,0.014
"Spain",2011,0.013
"Spain",2012,0.011
"Spain",2013,0.011
"Sri Lanka",1995,0.017
"Sri Lanka",1996,0.016
"Sri Lanka",1997,0.019
"Sri Lanka",1998,0.02
"Sri Lanka",1999,0.02
"Sri Lanka",2000,0.023
"Sri Lanka",2001,0.023
"Sri Lanka",2002,0.022
"Sri Lanka",2003,0.022
"Sri Lanka",2004,0.022
"Sri Lanka",2005,0.024
"Sri Lanka",2006,0.041
"Sri Lanka",2007,0.041
"Sri Lanka",2008,0.044
"Sri Lanka",2009,0.044
"Sri Lanka",2010,0.045
"Sri Lanka",2011,0.045
"Sri Lanka",2012,0.04
"Sri Lanka",2013,0.042
"Sudan",1995,0.021
"Sudan",1996,NA
"Sudan",1997,NA
"Sudan",1998,0.033
"Sudan",1999,0.04
"Sudan",2000,0.036
"Sudan",2001,0.027
"Sudan",2002,0.028
"Sudan",2003,0.029
"Sudan",2004,0.031
"Sudan",2005,0.032
"Sudan",2006,0.03
"Sudan",2007,0.041
"Sudan",2008,0.05
"Sudan",2009,0.05
"Sudan",2010,0.022
"Sudan",2011,0.051
"Sudan",2012,0.024
"Sudan",2013,NA
"Swaziland",1995,0.069
"Swaziland",1996,0.223
"Swaziland",1997,NA
"Swaziland",1998,NA
"Swaziland",1999,NA
"Swaziland",2000,0.15
"Swaziland",2001,0.237
"Swaziland",2002,0.129
"Swaziland",2003,0.145
"Swaziland",2004,0.173
"Swaziland",2005,0.197
"Swaziland",2006,0.708
"Swaziland",2007,NA
"Swaziland",2008,0.269
"Swaziland",2009,0.298
"Swaziland",2010,0.813
"Swaziland",2011,0.465
"Swaziland",2012,0.558
"Swaziland",2013,0.535
"Syrian Arab Republic",1995,0.009
"Syrian Arab Republic",1996,0.01
"Syrian Arab Republic",1997,0.009
"Syrian Arab Republic",1998,0.009
"Syrian Arab Republic",1999,NA
"Syrian Arab Republic",2000,0.009
"Syrian Arab Republic",2001,0.009
"Syrian Arab Republic",2002,0.009
"Syrian Arab Republic",2003,0.009
"Syrian Arab Republic",2004,0.009
"Syrian Arab Republic",2005,0.007
"Syrian Arab Republic",2006,0.021
"Syrian Arab Republic",2007,0.021
"Syrian Arab Republic",2008,0.018
"Syrian Arab Republic",2009,0.018
"Syrian Arab Republic",2010,0.017
"Syrian Arab Republic",2011,0.015
"Syrian Arab Republic",2012,0.013
"Syrian Arab Republic",2013,0.013
"Tajikistan",1995,NA
"Tajikistan",1996,0.004
"Tajikistan",1997,0.004
"Tajikistan",1998,0.007
"Tajikistan",1999,NA
"Tajikistan",2000,NA
"Tajikistan",2001,0.011
"Tajikistan",2002,0.011
"Tajikistan",2003,NA
"Tajikistan",2004,0.009
"Tajikistan",2005,0.026
"Tajikistan",2006,NA
"Tajikistan",2007,0.086
"Tajikistan",2008,0.084
"Tajikistan",2009,0.079
"Tajikistan",2010,0.078
"Tajikistan",2011,0.076
"Tajikistan",2012,0.068
"Tajikistan",2013,0.065
"Thailand",1995,0.034
"Thailand",1996,0.029
"Thailand",1997,0.022
"Thailand",1998,0.013
"Thailand",1999,0.024
"Thailand",2000,0.028
"Thailand",2001,0.045
"Thailand",2002,0.04
"Thailand",2003,0.044
"Thailand",2004,0.044
"Thailand",2005,0.043
"Thailand",2006,0.044
"Thailand",2007,0.043
"Thailand",2008,0.043
"Thailand",2009,0.05
"Thailand",2010,0.05
"Thailand",2011,0.05
"Thailand",2012,0.046
"Thailand",2013,NA
"Togo",1995,0.02
"Togo",1996,0.021
"Togo",1997,NA
"Togo",1998,0.02
"Togo",1999,0.019
"Togo",2000,0.02
"Togo",2001,NA
"Togo",2002,0.023
"Togo",2003,0.024
"Togo",2004,0.029
"Togo",2005,0.032
"Togo",2006,0.037
"Togo",2007,0.04
"Togo",2008,0.037
"Togo",2009,0.044
"Togo",2010,0.033
"Togo",2011,0.032
"Togo",2012,0.032
"Togo",2013,0.038
"Turkey",1995,NA
"Turkey",1996,NA
"Turkey",1997,NA
"Turkey",1998,NA
"Turkey",1999,NA
"Turkey",2000,NA
"Turkey",2001,NA
"Turkey",2002,NA
"Turkey",2003,NA
"Turkey",2004,0
"Turkey",2005,0.011
"Turkey",2006,0.027
"Turkey",2007,0.026
"Turkey",2008,0.024
"Turkey",2009,0.022
"Turkey",2010,0.021
"Turkey",2011,0.02
"Turkey",2012,0.018
"Turkey",2013,0.018
"Uganda",1995,0.066
"Uganda",1996,0.071
"Uganda",1997,0.081
"Uganda",1998,0.08
"Uganda",1999,0.074
"Uganda",2000,0.072
"Uganda",2001,0.069
"Uganda",2002,0.074
"Uganda",2003,0.076
"Uganda",2004,0.075
"Uganda",2005,0.071
"Uganda",2006,0.069
"Uganda",2007,0.069
"Uganda",2008,0.072
"Uganda",2009,0.07
"Uganda",2010,0.069
"Uganda",2011,0.071
"Uganda",2012,0.068
"Uganda",2013,0.068
"Ukraine",1995,0.016
"Ukraine",1996,0.019
"Ukraine",1997,0.019
"Ukraine",1998,0.021
"Ukraine",1999,0.021
"Ukraine",2000,0.022
"Ukraine",2001,0.025
"Ukraine",2002,NA
"Ukraine",2003,0.027
"Ukraine",2004,NA
"Ukraine",2005,NA
"Ukraine",2006,0.039
"Ukraine",2007,0.055
"Ukraine",2008,0.077
"Ukraine",2009,0.072
"Ukraine",2010,0.007
"Ukraine",2011,0.023
"Ukraine",2012,0.06
"Ukraine",2013,0.075
"United Kingdom of Great Britain and Northern Ireland",1995,NA
"United Kingdom of Great Britain and Northern Ireland",1996,NA
"United Kingdom of Great Britain and Northern Ireland",1997,0.001
"United Kingdom of Great Britain and Northern Ireland",1998,0.002
"United Kingdom of Great Britain and Northern Ireland",1999,0.001
"United Kingdom of Great Britain and Northern Ireland",2000,0.002
"United Kingdom of Great Britain and Northern Ireland",2001,0.002
"United Kingdom of Great Britain and Northern Ireland",2002,0.002
"United Kingdom of Great Britain and Northern Ireland",2003,0.002
"United Kingdom of Great Britain and Northern Ireland",2004,0.002
"United Kingdom of Great Britain and Northern Ireland",2005,0.002
"United Kingdom of Great Britain and Northern Ireland",2006,0.013
"United Kingdom of Great Britain and Northern Ireland",2007,0.018
"United Kingdom of Great Britain and Northern Ireland",2008,0.011
"United Kingdom of Great Britain and Northern Ireland",2009,0.011
"United Kingdom of Great Britain and Northern Ireland",2010,0.012
"United Kingdom of Great Britain and Northern Ireland",2011,0.013
"United Kingdom of Great Britain and Northern Ireland",2012,0.012
"United Kingdom of Great Britain and Northern Ireland",2013,0.012
"United Republic of Tanzania",1995,0.067
"United Republic of Tanzania",1996,0.07
"United Republic of Tanzania",1997,0.067
"United Republic of Tanzania",1998,0.074
"United Republic of Tanzania",1999,0.073
"United Republic of Tanzania",2000,0.071
"United Republic of Tanzania",2001,0.071
"United Republic of Tanzania",2002,0.067
"United Republic of Tanzania",2003,0.068
"United Republic of Tanzania",2004,0.068
"United Republic of Tanzania",2005,0.065
"United Republic of Tanzania",2006,0.062
"United Republic of Tanzania",2007,0.06
"United Republic of Tanzania",2008,0.139
"United Republic of Tanzania",2009,0.138
"United Republic of Tanzania",2010,0.133
"United Republic of Tanzania",2011,0.062
"United Republic of Tanzania",2012,0.063
"United Republic of Tanzania",2013,NA
"United States of America",1995,0.003
"United States of America",1996,0.003
"United States of America",1997,0.003
"United States of America",1998,0.002
"United States of America",1999,0.002
"United States of America",2000,0.002
"United States of America",2001,0.002
"United States of America",2002,0.002
"United States of America",2003,0.002
"United States of America",2004,0.002
"United States of America",2005,0.002
"United States of America",2006,0.005
"United States of America",2007,0.004
"United States of America",2008,0.004
"United States of America",2009,0.004
"United States of America",2010,0.003
"United States of America",2011,0.003
"United States of America",2012,0.003
"United States of America",2013,0.003
"Uzbekistan",1995,NA
"Uzbekistan",1996,0.014
"Uzbekistan",1997,NA
"Uzbekistan",1998,0
"Uzbekistan",1999,0.017
"Uzbekistan",2000,0.015
"Uzbekistan",2001,0.018
"Uzbekistan",2002,0.011
"Uzbekistan",2003,0.018
"Uzbekistan",2004,0.02
"Uzbekistan",2005,0.022
"Uzbekistan",2006,0.071
"Uzbekistan",2007,0.067
"Uzbekistan",2008,0.059
"Uzbekistan",2009,0.06
"Uzbekistan",2010,0.057
"Uzbekistan",2011,0.05
"Uzbekistan",2012,0.05
"Uzbekistan",2013,0.072
"Venezuela (Bolivarian Republic of)",1995,NA
"Venezuela (Bolivarian Republic of)",1996,NA
"Venezuela (Bolivarian Republic of)",1997,NA
"Venezuela (Bolivarian Republic of)",1998,NA
"Venezuela (Bolivarian Republic of)",1999,0.015
"Venezuela (Bolivarian Republic of)",2000,NA
"Venezuela (Bolivarian Republic of)",2001,NA
"Venezuela (Bolivarian Republic of)",2002,0.014
"Venezuela (Bolivarian Republic of)",2003,0.015
"Venezuela (Bolivarian Republic of)",2004,0.014
"Venezuela (Bolivarian Republic of)",2005,0.014
"Venezuela (Bolivarian Republic of)",2006,0.024
"Venezuela (Bolivarian Republic of)",2007,0.022
"Venezuela (Bolivarian Republic of)",2008,0.022
"Venezuela (Bolivarian Republic of)",2009,0.022
"Venezuela (Bolivarian Republic of)",2010,0.021
"Venezuela (Bolivarian Republic of)",2011,0.021
"Venezuela (Bolivarian Republic of)",2012,0.021
"Venezuela (Bolivarian Republic of)",2013,0.022
"Viet Nam",1995,NA
"Viet Nam",1996,0.063
"Viet Nam",1997,0.069
"Viet Nam",1998,0.069
"Viet Nam",1999,0.067
"Viet Nam",2000,0.066
"Viet Nam",2001,0.066
"Viet Nam",2002,0.069
"Viet Nam",2003,0.067
"Viet Nam",2004,0.069
"Viet Nam",2005,0.065
"Viet Nam",2006,0.066
"Viet Nam",2007,0.063
"Viet Nam",2008,0.061
"Viet Nam",2009,0.058
"Viet Nam",2010,0.059
"Viet Nam",2011,0.056
"Viet Nam",2012,0.056
"Viet Nam",2013,0.055
"Yemen",1995,0.025
"Yemen",1996,0.004
"Yemen",1997,0.029
"Yemen",1998,0.03
"Yemen",1999,0.024
"Yemen",2000,0.032
"Yemen",2001,0.028
"Yemen",2002,0.023
"Yemen",2003,0.02
"Yemen",2004,0.018
"Yemen",2005,0.017
"Yemen",2006,0.016
"Yemen",2007,0.017
"Yemen",2008,0.016
"Yemen",2009,0.016
"Yemen",2010,0.016
"Yemen",2011,0.013
"Yemen",2012,0.04
"Yemen",2013,0.042
"Zambia",1995,0.097
"Zambia",1996,NA
"Zambia",1997,NA
"Zambia",1998,NA
"Zambia",1999,NA
"Zambia",2000,0.128
"Zambia",2001,NA
"Zambia",2002,0.154
"Zambia",2003,0.174
"Zambia",2004,0.154
"Zambia",2005,0.13
"Zambia",2006,0.119
"Zambia",2007,0.11
"Zambia",2008,0.106
"Zambia",2009,0.1
"Zambia",2010,NA
"Zambia",2011,0.308
"Zambia",2012,0.276
"Zambia",2013,0.28
"Zimbabwe",1995,NA
"Zimbabwe",1996,NA
"Zimbabwe",1997,NA
"Zimbabwe",1998,NA
"Zimbabwe",1999,NA
"Zimbabwe",2000,NA
"Zimbabwe",2001,NA
"Zimbabwe",2002,0.089
"Zimbabwe",2003,0.114
"Zimbabwe",2004,0.115
"Zimbabwe",2005,0.103
"Zimbabwe",2006,0.338
"Zimbabwe",2007,0.306
"Zimbabwe",2008,0.282
"Zimbabwe",2009,0.324
"Zimbabwe",2010,0.328
"Zimbabwe",2011,0.277
"Zimbabwe",2012,0.251
"Zimbabwe",2013,0.233
